link,actival,actids
["https://www.deviantart.com/desertfloraa/art/A-Lynx-hunt-with-Nasir-Varric-and-Jafar-593426262",1,[11348, 10741, 11580]],
["https://www.deviantart.com/desertfloraa/art/Hunting-at-the-Burrows-594799197",1,[11348, 10741, 11580, 11917, 12067]],
["https://www.deviantart.com/desertfloraa/art/Finding-the-Foxes-595237289",1,[11348, 10741, 11580, 11917, 12067]],
["https://www.deviantart.com/desertfloraa/art/Meeting-up-on-the-Mountain-596212974",1,[11348, 11917, 12067, 11926, 12351]],
["https://www.deviantart.com/desertfloraa/art/Rabbit-Roundup-597708704",1,[11348, 11926, 12351, 11340, 12190]],
["https://www.deviantart.com/desertfloraa/art/A-Walk-through-the-Woods-598430548",3,[11348, 11926, 12351, 11340]],
["https://www.deviantart.com/desertfloraa/art/Cave-Conundrum-598756108",8,[11248]],
["https://kesikae.deviantart.com/art/I-m-with-the-band-731431014",3,[21146, 32567]],
["https://kesikae.deviantart.com/art/Riley-are-you-okay-731596923",3,[21146, 32567]],
["https://kesikae.deviantart.com/art/Rockstar-731086044",3,[21146, 32567]],
["https://kesikae.deviantart.com/art/Spoopy-731221588",3,[21146, 32567]],
["https://kesikae.deviantart.com/art/Cheri-cheri-lady-732764781",3,[30217, 11544, 21146]],
["https://kesikae.deviantart.com/art/Sass-me-up-before-you-go-go-732788341",3,[30217, 11544, 21146]],
["https://kesikae.deviantart.com/art/Bear-ly-standing-her-731980808",1,[31541, 26096, 32769, 28630]],
["https://kesikae.deviantart.com/art/Deer-ie-no-732760785",1,[31541, 26096, 32769, 28630]],
["https://kesikae.deviantart.com/art/Livin-on-a-prayer-732944943",3,[30217, 11544, 23878]],
["https://www.deviantart.com/kesikae/art/H-R-732739315",1,[30217, 26096, 11544]],
["https://kesikae.deviantart.com/art/An-unseen-delay-734790942",3,[32421, 33278, 31541]],
["https://kesikae.deviantart.com/art/Eventful-evening-734970356",3,[32421, 33278, 31541]],
["https://www.deviantart.com/hawkshadow743/art/Through-the-Pass-781117602",3,[31799, 31230]],
["https://www.deviantart.com/hawkshadow743/art/Ill-advised-Decisions-781409716",1,[31799, 31230]],